[{"municipio_code":"0921","municipio_name":"SAO LUIS","total_paid":141858049.0},{"municipio_code":"0937","municipio_name":"0937","total_paid":43622384.0},{"municipio_code":"0889","municipio_name":"SAO JOSE DE RIBAMAR","total_paid":43171437.0},{"municipio_code":"0761","municipio_name":"CHAPADINHA","total_paid":37977663.0},{"municipio_code":"0757","municipio_name":"CAXIAS","total_paid":34985602.0},{"municipio_code":"0803","municipio_name":"IMPERATRIZ","total_paid":29481921.0},{"municipio_code":"0733","municipio_name":"BARREIRINHAS","total_paid":27992681.0},{"municipio_code":"0869","municipio_name":"0869","total_paid":27813630.0},{"municipio_code":"0943","municipio_name":"TUTOIA","total_paid":25702219.0},{"municipio_code":"0723","municipio_name":"0723","total_paid":25532359.0},{"municipio_code":"0763","municipio_name":"CODO","total_paid":25102676.0},{"municipio_code":"0769","municipio_name":"COROATA","total_paid":24381828.0},{"municipio_code":"0849","municipio_name":"0849","total_paid":23586027.0},{"municipio_code":"0947","municipio_name":"VARGEM GRANDE","total_paid":23455542.0},{"municipio_code":"0739","municipio_name":"BREJO","total_paid":21240400.0},{"municipio_code":"0897","municipio_name":"SANTA LUZIA","total_paid":20533222.0},{"municipio_code":"0793","municipio_name":"0793","total_paid":20484385.0},{"municipio_code":"0957","municipio_name":"SANTA INES","total_paid":20359178.0},{"municipio_code":"0941","municipio_name":"0941","total_paid":19443545.0},{"municipio_code":"0767","municipio_name":"COLINAS","total_paid":19428583.0},{"municipio_code":"0807","municipio_name":"0807","total_paid":19420915.0},{"municipio_code":"0731","municipio_name":"0731","total_paid":19318274.0},{"municipio_code":"0907","municipio_name":"SAO BENTO","total_paid":18826908.0},{"municipio_code":"0899","municipio_name":"SANTA QUITERIA DO MARANHAO","total_paid":18172411.0},{"municipio_code":"0727","municipio_name":"0727","total_paid":18111155.0},{"municipio_code":"0813","municipio_name":"LAGO DA PEDRA","total_paid":18087652.0},{"municipio_code":"0949","municipio_name":"0949","total_paid":17398526.0},{"municipio_code":"0713","municipio_name":"ANAJATUBA","total_paid":17212926.0},{"municipio_code":"0945","municipio_name":"URBANO SANTOS","total_paid":16585692.0},{"municipio_code":"0895","municipio_name":"0895","total_paid":16159609.0},{"municipio_code":"0771","municipio_name":"0771","total_paid":16127580.0},{"municipio_code":"0829","municipio_name":"MATINHA","total_paid":15971341.0},{"municipio_code":"0717","municipio_name":"0717","total_paid":15441349.0},{"municipio_code":"0765","municipio_name":"COELHO NETO","total_paid":15261571.0},{"municipio_code":"0953","municipio_name":"VITORINO FREIRE","total_paid":15189752.0},{"municipio_code":"0961","municipio_name":"ACAILANDIA","total_paid":15144437.0},{"municipio_code":"0108","municipio_name":"ALTO ALEGRE DO PINDARE","total_paid":15063457.0},{"municipio_code":"0863","municipio_name":"PENALVA","total_paid":15048484.0},{"municipio_code":"0955","municipio_name":"0955","total_paid":14673487.0},{"municipio_code":"0755","municipio_name":"0755","total_paid":14452107.0},{"municipio_code":"0799","municipio_name":"0799","total_paid":14307368.0},{"municipio_code":"0923","municipio_name":"0923","total_paid":14273382.0},{"municipio_code":"0747","municipio_name":"CAJARI","total_paid":14265988.0},{"municipio_code":"0909","municipio_name":"SAO BERNARDO","total_paid":14239517.0},{"municipio_code":"0901","municipio_name":"SANTA RITA","total_paid":14142433.0},{"municipio_code":"0741","municipio_name":"BURITI","total_paid":14121476.0},{"municipio_code":"0837","municipio_name":"MONCAO","total_paid":13934324.0},{"municipio_code":"0917","municipio_name":"0917","total_paid":13890795.0},{"municipio_code":"0703","municipio_name":"ALCANTARA","total_paid":13879179.0},{"municipio_code":"0951","municipio_name":"0951","total_paid":13756658.0},{"municipio_code":"0134","municipio_name":"BURITICUPU","total_paid":13546955.0},{"municipio_code":"0867","municipio_name":"0867","total_paid":13439652.0},{"municipio_code":"0210","municipio_name":"0210","total_paid":13373176.0},{"municipio_code":"1287","municipio_name":"1287","total_paid":13255791.0},{"municipio_code":"0905","municipio_name":"SAO BENEDITO DO RIO PRETO","total_paid":13052462.0},{"municipio_code":"0831","municipio_name":"0831","total_paid":13011405.0},{"municipio_code":"0797","municipio_name":"HUMBERTO DE CAMPOS","total_paid":12882577.0},{"municipio_code":"0262","municipio_name":"0262","total_paid":12851928.0},{"municipio_code":"0112","municipio_name":"0112","total_paid":12836615.0},{"municipio_code":"0855","municipio_name":"0855","total_paid":12712171.0},{"municipio_code":"0827","municipio_name":"0827","total_paid":12681908.0},{"municipio_code":"0935","municipio_name":"0935","total_paid":12670116.0},{"municipio_code":"1285","municipio_name":"SANTA LUZIA DO PARUA","total_paid":12412105.0},{"municipio_code":"0853","municipio_name":"0853","total_paid":12374230.0},{"municipio_code":"0711","municipio_name":"AMARANTE DO MARANHAO","total_paid":12366002.0},{"municipio_code":"0851","municipio_name":"PALMEIRANDIA","total_paid":12365974.0},{"municipio_code":"0715","municipio_name":"0715","total_paid":12128706.0},{"municipio_code":"0927","municipio_name":"SAO VICENTE FERRER","total_paid":12126693.0},{"municipio_code":"0208","municipio_name":"0208","total_paid":11850170.0},{"municipio_code":"0168","municipio_name":"GOVERNADOR NUNES FREIRE","total_paid":11842065.0},{"municipio_code":"0911","municipio_name":"0911","total_paid":11802216.0},{"municipio_code":"0719","municipio_name":"ARARI","total_paid":11409817.0},{"municipio_code":"0833","municipio_name":"0833","total_paid":11407669.0},{"municipio_code":"0871","municipio_name":"0871","total_paid":11263324.0},{"municipio_code":"0218","municipio_name":"RAPOSA","total_paid":11156966.0},{"municipio_code":"1281","municipio_name":"1281","total_paid":11142543.0},{"municipio_code":"0891","municipio_name":"ROSARIO","total_paid":11064272.0},{"municipio_code":"0216","municipio_name":"0216","total_paid":11004742.0},{"municipio_code":"0206","municipio_name":"0206","total_paid":10664367.0},{"municipio_code":"0841","municipio_name":"0841","total_paid":10581500.0},{"municipio_code":"0106","municipio_name":"0106","total_paid":10404273.0},{"municipio_code":"0939","municipio_name":"0939","total_paid":10320750.0},{"municipio_code":"0128","municipio_name":"BOM JESUS DAS SELVAS","total_paid":10097080.0},{"municipio_code":"0809","municipio_name":"0809","total_paid":9779631.0},{"municipio_code":"0152","municipio_name":"CONCEICAO DO LAGO-ACU","total_paid":9774896.0},{"municipio_code":"0751","municipio_name":"0751","total_paid":9744211.0},{"municipio_code":"0148","municipio_name":"0148","total_paid":9697450.0},{"municipio_code":"0817","municipio_name":"0817","total_paid":9654296.0},{"municipio_code":"0236","municipio_name":"0236","total_paid":9588642.0},{"municipio_code":"0859","municipio_name":"0859","total_paid":9476130.0},{"municipio_code":"0749","municipio_name":"0749","total_paid":9425246.0},{"municipio_code":"0847","municipio_name":"0847","total_paid":9323572.0},{"municipio_code":"0160","municipio_name":"FORMOSA DA SERRA NEGRA","total_paid":9256445.0},{"municipio_code":"0857","municipio_name":"0857","total_paid":9254039.0},{"municipio_code":"0777","municipio_name":"0777","total_paid":9111323.0},{"municipio_code":"0737","municipio_name":"0737","total_paid":8981311.0},{"municipio_code":"0254","municipio_name":"0254","total_paid":8794629.0},{"municipio_code":"0879","municipio_name":"0879","total_paid":8752663.0},{"municipio_code":"1283","municipio_name":"MIRANDA DO NORTE","total_paid":8694968.0},{"municipio_code":"0174","municipio_name":"0174","total_paid":8620408.0},{"municipio_code":"0743","municipio_name":"0743","total_paid":8540011.0},{"municipio_code":"0753","municipio_name":"0753","total_paid":8191097.0},{"municipio_code":"0204","municipio_name":"OLINDA NOVA DO MARANHAO","total_paid":8071938.0},{"municipio_code":"0170","municipio_name":"0170","total_paid":7945608.0},{"municipio_code":"0929","municipio_name":"0929","total_paid":7890515.0},{"municipio_code":"0881","municipio_name":"0881","total_paid":7879135.0},{"municipio_code":"0190","municipio_name":"0190","total_paid":7863479.0},{"municipio_code":"0805","municipio_name":"SAO LUIS GONZAGA DO MARANHAO","total_paid":7857417.0},{"municipio_code":"0202","municipio_name":"0202","total_paid":7817058.0},{"municipio_code":"0705","municipio_name":"0705","total_paid":7787699.0},{"municipio_code":"0885","municipio_name":"PRIMEIRA CRUZ","total_paid":7756559.0},{"municipio_code":"0835","municipio_name":"MIRINZAL","total_paid":7723111.0},{"municipio_code":"0773","municipio_name":"0773","total_paid":7716147.0},{"municipio_code":"0789","municipio_name":"0789","total_paid":7693591.0},{"municipio_code":"0873","municipio_name":"0873","total_paid":7673219.0},{"municipio_code":"0785","municipio_name":"GONCALVES DIAS","total_paid":7516794.0},{"municipio_code":"0721","municipio_name":"AXIXA","total_paid":7394982.0},{"municipio_code":"0843","municipio_name":"0843","total_paid":7357859.0},{"municipio_code":"0781","municipio_name":"0781","total_paid":7300205.0},{"municipio_code":"0136","municipio_name":"0136","total_paid":7222530.0},{"municipio_code":"0138","municipio_name":"0138","total_paid":7145001.0},{"municipio_code":"0915","municipio_name":"0915","total_paid":7134525.0},{"municipio_code":"0861","municipio_name":"0861","total_paid":7018698.0},{"municipio_code":"0959","municipio_name":"PAULO RAMOS","total_paid":6939311.0},{"municipio_code":"0919","municipio_name":"SAO JOAO DOS PATOS","total_paid":6857994.0},{"municipio_code":"0931","municipio_name":"SUCUPIRA DO NORTE","total_paid":6840132.0},{"municipio_code":"0150","municipio_name":"CIDELANDIA","total_paid":6838578.0},{"municipio_code":"0252","municipio_name":"0252","total_paid":6832378.0},{"municipio_code":"0172","municipio_name":"0172","total_paid":6658771.0},{"municipio_code":"0725","municipio_name":"0725","total_paid":6643194.0},{"municipio_code":"0178","municipio_name":"0178","total_paid":6572951.0},{"municipio_code":"0250","municipio_name":"0250","total_paid":6537943.0},{"municipio_code":"0963","municipio_name":"ESTREITO","total_paid":6416885.0},{"municipio_code":"0232","municipio_name":"0232","total_paid":6349883.0},{"municipio_code":"0122","municipio_name":"BELA VISTA DO MARANHAO","total_paid":6180210.0},{"municipio_code":"0825","municipio_name":"0825","total_paid":6105234.0},{"municipio_code":"0775","municipio_name":"0775","total_paid":6016089.0},{"municipio_code":"0795","municipio_name":"GUIMARAES","total_paid":6009400.0},{"municipio_code":"0146","municipio_name":"0146","total_paid":5935545.0},{"municipio_code":"0142","municipio_name":"0142","total_paid":5916440.0},{"municipio_code":"0104","municipio_name":"0104","total_paid":5905467.0},{"municipio_code":"0887","municipio_name":"RIACHAO","total_paid":5897213.0},{"municipio_code":"0811","municipio_name":"JOSELANDIA","total_paid":5755175.0},{"municipio_code":"0258","municipio_name":"0258","total_paid":5629503.0},{"municipio_code":"0226","municipio_name":"0226","total_paid":5584025.0},{"municipio_code":"0120","municipio_name":"0120","total_paid":5577621.0},{"municipio_code":"0865","municipio_name":"0865","total_paid":5564359.0},{"municipio_code":"0116","municipio_name":"0116","total_paid":5555868.0},{"municipio_code":"0925","municipio_name":"0925","total_paid":5516953.0},{"municipio_code":"0166","municipio_name":"GOVERNADOR NEWTON BELLO","total_paid":5372275.0},{"municipio_code":"0745","municipio_name":"0745","total_paid":5336717.0},{"municipio_code":"0182","municipio_name":"LAGOA DO MATO","total_paid":5304553.0},{"municipio_code":"0158","municipio_name":"FERNANDO FALCAO","total_paid":5293431.0},{"municipio_code":"0821","municipio_name":"0821","total_paid":5271631.0},{"municipio_code":"0729","municipio_name":"0729","total_paid":5269661.0},{"municipio_code":"0779","municipio_name":"FORTALEZA DOS NOGUEIRAS","total_paid":5186367.0},{"municipio_code":"0759","municipio_name":"CEDRAL","total_paid":5122189.0},{"municipio_code":"0144","municipio_name":"CENTRAL DO MARANHAO","total_paid":5083018.0},{"municipio_code":"0194","municipio_name":"MARANHAOZINHO","total_paid":5076118.0},{"municipio_code":"0903","municipio_name":"0903","total_paid":5068479.0},{"municipio_code":"0130","municipio_name":"BOM LUGAR","total_paid":5064912.0},{"municipio_code":"0823","municipio_name":"LUIS DOMINGUES","total_paid":5055808.0},{"municipio_code":"0114","municipio_name":"0114","total_paid":4919261.0},{"municipio_code":"0198","municipio_name":"MILAGRES DO MARANHAO","total_paid":4815648.0},{"municipio_code":"0132","municipio_name":"BREJO DE AREIA","total_paid":4790298.0},{"municipio_code":"0875","municipio_name":"0875","total_paid":4780084.0},{"municipio_code":"0883","municipio_name":"0883","total_paid":4630088.0},{"municipio_code":"0801","municipio_name":"0801","total_paid":4537185.0},{"municipio_code":"0196","municipio_name":"0196","total_paid":4502061.0},{"municipio_code":"0176","municipio_name":"0176","total_paid":4481678.0},{"municipio_code":"0186","municipio_name":"0186","total_paid":4291407.0},{"municipio_code":"0783","municipio_name":"0783","total_paid":4113653.0},{"municipio_code":"0162","municipio_name":"GOVERNADOR EDISON LOBAO","total_paid":4073359.0},{"municipio_code":"0260","municipio_name":"0260","total_paid":4049082.0},{"municipio_code":"0819","municipio_name":"LIMA CAMPOS","total_paid":3984221.0},{"municipio_code":"0244","municipio_name":"0244","total_paid":3878116.0},{"municipio_code":"0126","municipio_name":"BOA VISTA DO GURUPI","total_paid":3804605.0},{"municipio_code":"0839","municipio_name":"0839","total_paid":3790760.0},{"municipio_code":"0238","municipio_name":"0238","total_paid":3766604.0},{"municipio_code":"0110","municipio_name":"0110","total_paid":3746797.0},{"municipio_code":"0228","municipio_name":"0228","total_paid":3727813.0},{"municipio_code":"0246","municipio_name":"SAO ROBERTO","total_paid":3673235.0},{"municipio_code":"0224","municipio_name":"0224","total_paid":3646106.0},{"municipio_code":"0248","municipio_name":"SATUBINHA","total_paid":3632212.0},{"municipio_code":"0140","municipio_name":"0140","total_paid":3626313.0},{"municipio_code":"0156","municipio_name":"FEIRA NOVA DO MARANHAO","total_paid":3526677.0},{"municipio_code":"0701","municipio_name":"0701","total_paid":3414927.0},{"municipio_code":"0212","municipio_name":"PORTO RICO DO MARANHAO","total_paid":3361431.0},{"municipio_code":"0815","municipio_name":"LAGO DO JUNCO","total_paid":3346475.0},{"municipio_code":"0222","municipio_name":"0222","total_paid":3321103.0},{"municipio_code":"0188","municipio_name":"0188","total_paid":3207823.0},{"municipio_code":"0264","municipio_name":"VILA NOVA DOS MARTIRIOS","total_paid":3145621.0},{"municipio_code":"0234","municipio_name":"0234","total_paid":3132377.0},{"municipio_code":"0787","municipio_name":"GOVERNADOR ARCHER","total_paid":3096167.0},{"municipio_code":"0709","municipio_name":"0709","total_paid":3030198.0},{"municipio_code":"0164","municipio_name":"0164","total_paid":2989737.0},{"municipio_code":"0192","municipio_name":"0192","total_paid":2982310.0},{"municipio_code":"0180","municipio_name":"0180","total_paid":2889417.0},{"municipio_code":"0735","municipio_name":"0735","total_paid":2875744.0},{"municipio_code":"0184","municipio_name":"0184","total_paid":2834662.0},{"municipio_code":"0230","municipio_name":"0230","total_paid":2810993.0},{"municipio_code":"0154","municipio_name":"0154","total_paid":2790151.0},{"municipio_code":"0707","municipio_name":"0707","total_paid":2780831.0},{"municipio_code":"0240","municipio_name":"0240","total_paid":2652381.0},{"municipio_code":"0118","municipio_name":"0118","total_paid":2597679.0},{"municipio_code":"0933","municipio_name":"TASSO FRAGOSO","total_paid":2563639.0},{"municipio_code":"0877","municipio_name":"0877","total_paid":2482270.0},{"municipio_code":"0214","municipio_name":"0214","total_paid":2433285.0},{"municipio_code":"0200","municipio_name":"0200","total_paid":2216143.0},{"municipio_code":"0791","municipio_name":"0791","total_paid":2072526.0},{"municipio_code":"0220","municipio_name":"0220","total_paid":1930017.0},{"municipio_code":"0124","municipio_name":"0124","total_paid":1873957.0},{"municipio_code":"0242","municipio_name":"0242","total_paid":1785325.0},{"municipio_code":"0893","municipio_name":"SAMBAIBA","total_paid":1759266.0},{"municipio_code":"0256","municipio_name":"0256","total_paid":1755257.0},{"municipio_code":"0913","municipio_name":"0913","total_paid":1598467.0},{"municipio_code":"0845","municipio_name":"0845","total_paid":1597420.0}]